artist_name,track_name,track_id,popularity,year,genre,danceability,energy,key,loudness,mode,speechiness,acousticness,instrumentalness,liveness,valence,tempo,duration_ms,time_signature
Tame Impala,Piece Of Heaven,0gwCQvjDPCTFEq9790FGdC,73,,psych-rock,0.579,0.605,1,-5.625,0,0.0408,0.266,5.93e-06,0.0935,0.127,101.985,284608,
Tame Impala,Feels Like We Only Go Backwards,0LtOwyZoSNZKJWHqjzADpW,73,,psych-rock,0.303,0.9,2,-2.352,0,0.0574,0.0277,0.635,0.11,0.491,149.508,192960,
Tame Impala,Obsolete,0On1SxfkvTOfzvjVgFLK7V,73,,psych-rock,0.76,0.829,8,-2.966,0,0.0422,0.334,0.00102,0.1,0.915,103.587,263640,
Tame Impala,Not My World,12wDKbddX9bUYHd1Rl8gmu,73,,psych-rock,0.648,0.847,1,-4.849,1,0.0305,0.0269,0.582,0.19,0.664,120.013,254120,
Tame Impala,Nangs,1cCbsojaA6GIT7Y3zuMJ1q,71,,psych-rock,0.536,0.526,0,-9.754,1,0.181,0.159,0.847,0.128,0.434,167.608,107533,
Tame Impala,One More Hour,0mO6oS60RST2sWmN2FKknP,70,,psych-rock,0.647,0.398,4,-8.63,1,0.0283,0.108,0.107,0.148,0.32,102.029,432560,
Tame Impala,Yes I'm Changing,0xtIp0lgccN85GfGOekS5L,68,,psych-rock,0.373,0.609,0,-7.0,1,0.0316,0.108,0.000427,0.0755,0.354,179.955,270680,
Cailin Russo,Phoenix,6zAiRKvAMlXHxEtyO4yxIO,65,,indie-pop,0.42,0.723,10,-6.86,0,0.175,0.0638,1.17e-05,0.123,0.288,167.806,197633,
Tame Impala,Neverender,0ccoGCaOFCxI6pHixrQpKj,59,,psych-rock,0.563,0.44,6,-10.01,0,0.0608,0.0258,7.62e-06,0.227,0.417,116.988,266493,
Tame Impala,Borderline,00lg80XYfG3rGd8OiGHSiR,52,,psych-rock,0.621,0.873,5,-3.067,0,0.037,0.0406,8.43e-06,0.0824,0.873,97.96,237800,
Tame Impala,On Track,0IuE6FnXPCdZ8NLuuvJRhb,52,,psych-rock,0.388,0.648,2,-5.578,1,0.038,0.116,4.19e-06,0.082,0.112,163.861,301786,
Tame Impala,List Of People (To Try And Forget About),01iiEi9h8CQGUN2K1xBbTj,51,,psych-rock,0.409,0.792,10,-5.68,1,0.0415,0.0881,0.000576,0.103,0.195,95.072,279986,
Tame Impala,Endors Toi,0YuePEX4KyfLIPMdNLPwgQ,51,,psych-rock,0.242,0.924,3,-3.327,1,0.0804,0.0302,0.461,0.36,0.33,129.155,186640,
Tame Impala,Music To Walk Home By,0pJTrMWCiR0TuJ5FApIqrz,47,,psych-rock,0.396,0.884,7,-4.358,1,0.0612,0.00609,0.0876,0.0578,0.485,101.097,312213,
Tame Impala,Expectation,1FnHpM2zimTALdIvuxFoNM,46,,psych-rock,0.447,0.836,5,-5.137,1,0.0584,0.0209,0.00399,0.0736,0.177,139.94,362466,
Cailin Russo,Bad Things,2QMV9Kj5BFo8kjggLVHf86,33,,indie-pop,0.577,0.768,2,-5.244,1,0.0434,0.119,0.0,0.0999,0.421,107.267,216880,
Cailin Russo,Pink Sand,6DlXrdVTn8SplY7G5TOgrY,32,,indie-pop,0.646,0.646,3,-7.682,0,0.175,0.00526,3.45e-06,0.0847,0.296,113.91,187360,
Garrett Williamson,"The Girl Who Glitched (Ai.Mi's Theme from ""Omega Strikers"")",05KAf7j7V2Z1s4xkkbbaxX,31,,indie-pop,0.69,0.701,1,-5.714,1,0.231,0.0076,0.0933,0.419,0.416,127.95,110625,
Cailin Russo,September Rose,2RIE736kkO0hLZ4Y3auCL2,31,,indie-pop,0.6,0.497,5,-7.621,0,0.231,0.675,4.42e-06,0.132,0.292,177.91,221358,
Cailin Russo,Diamond Eyes,1iJFXbGo4khtCNFOU49FGC,30,,indie-pop,0.743,0.818,11,-5.616,0,0.0574,0.00585,0.0249,0.0623,0.319,109.962,158863,
Cailin Russo,Open (feat. Cailin Russo),1P48tbboGkgiE6HPwguSOO,29,,indie-pop,0.522,0.326,4,-11.877,1,0.0325,0.858,1.32e-06,0.305,0.464,140.071,212571,
Cailin Russo,Love No More - Duet,1NkJ2WNCtL67PA3aP60Hjq,27,,indie-pop,0.473,0.351,6,-6.053,0,0.0387,0.722,0.0,0.103,0.33,127.529,193046,
Cailin Russo,Declaration,5h3sUmbwEdFkxejGryYhj6,25,,indie-pop,0.626,0.653,1,-6.325,1,0.0902,0.0086,0.000194,0.108,0.374,123.143,218338,
Cailin Russo,Boxing Underwater (feat. Cailin Russo),0CCvJ8682h023vVdJ4oYKp,24,,indie-pop,0.744,0.41,7,-6.801,0,0.0443,0.369,0.0412,0.281,0.37,95.033,184673,
Cailin Russo,Fade,3P1QHGcPMOFoftm8AfJxyZ,23,,indie-pop,0.621,0.732,0,-4.775,1,0.0301,0.0185,0.0,0.087,0.137,110.024,198891,
Garrett Williamson,Closing In,4RrQr8dbXe1vWpQvoJgldo,22,,indie-pop,0.658,0.585,9,-7.754,1,0.0649,0.0154,0.106,0.287,0.457,128.022,122000,
Garrett Williamson,Get Along,4stPxbZepEm1GgxC898eDS,21,,indie-pop,0.553,0.834,1,-5.58,1,0.362,0.0382,0.0,0.465,0.775,205.896,278906,
Cailin Russo,Joyride,1nWLk91OyxUSJNYNNExTkK,19,,indie-pop,0.436,0.409,0,-7.054,1,0.0255,0.116,0.0,0.586,0.107,84.115,216022,
Cailin Russo,DIE DOWN,7c1wpOqC67svZIJR4N8nJA,18,,indie-pop,0.676,0.768,8,-6.543,1,0.0265,0.000189,0.233,0.36,0.31,113.995,241960,
Cailin Russo,Lonely,0u0UwHTBElRtS8QImH1oR4,17,,indie-pop,0.663,0.954,2,-3.799,1,0.0843,0.00901,4.07e-05,0.0591,0.52,154.918,160626,
Cailin Russo,Hierarchy,2oi854CNIyqHLkVE7ZcmTz,17,,indie-pop,0.756,0.428,0,-7.704,1,0.0583,0.215,6.81e-05,0.0963,0.23,97.053,242599,
Cailin Russo,It's Cool,5qhEgUqVTe5FzWRhMMFfY6,17,,indie-pop,0.446,0.399,9,-8.859,0,0.0444,0.00965,6.03e-06,0.271,0.132,112.008,228932,
Cailin Russo,Loudmouth,6cCHKwvTMIrA0SyRjkoN6C,17,,indie-pop,0.68,0.706,0,-5.649,1,0.0581,0.0104,1.55e-05,0.586,0.703,101.03,242200,
Cailin Russo,Apeshit (Interlude),13AWCMQDdpXPAysb5ZuHkS,16,,indie-pop,0.4,0.178,7,-18.658,1,0.327,0.975,0.851,0.354,0.481,168.814,88186,
Cailin Russo,"You Touch Me, I Touch You Back",1ndh4JXzaHEpeOJYlz1Tg0,16,,indie-pop,0.625,0.899,10,-5.967,0,0.0641,0.0091,0.000556,0.0845,0.371,109.966,216485,
Garrett Williamson,Thought of You,4Wu2Mtu1JMqepCsxfCbac4,15,,indie-pop,0.787,0.774,4,-4.418,0,0.0676,0.0269,0.00392,0.729,0.807,89.992,217320,
Cailin Russo,Say You Want Me (feat. Cailin Russo),3360mf35g8vC0UQnYUaE2j,14,,indie-pop,0.498,0.478,2,-10.881,0,0.13,0.324,0.0,0.104,0.439,147.906,241853,
Garrett Williamson,Switch,0ksqjKCbAFtlT7MGlyJRbj,11,,indie-pop,0.542,0.898,8,-5.311,1,0.0944,0.0654,1.91e-06,0.353,0.567,116.996,220306,
Garrett Williamson,What If I'm Hurt Again,3uHX5SIxMPAkHkg6r8tUlS,11,,indie-pop,0.811,0.7,6,-5.061,1,0.0674,0.0523,0.00216,0.0342,0.946,105.01,214440,
Garrett Williamson,The Beat Demon,0gNd1VTrsGLhoUE7p7VP9k,5,,indie-pop,0.552,0.96,5,-5.562,1,0.0886,0.221,0.0,0.941,0.625,120.037,314069,
Garrett Williamson,Terminate,1WoSSkIkx1Vs5dDjQLwP1k,3,,indie-pop,0.578,0.883,7,-4.066,1,0.276,0.0923,0.0,0.842,0.7,162.08,232000,
